{"cameraMode":{"drawMode":0,"name":"Shaded","section":"Shading Mode"},"sceneLighting":true,"audioPlay":false,"sceneViewState":{"showFog":true,"showMaterialUpdate":false,"showSkybox":false,"showFlares":true,"showImageEffects":true,"showParticleSystems":true},"in2DMode":false,"pivot":{"x":0.3999999761581421,"y":0.3880000114440918,"z":1.3299999237060547},"rotation":{"x":0.1176866814494133,"y":0.5911226272583008,"z":-0.08771313726902008,"w":0.7931181192398071},"size":8.897096633911133,"orthographic":false}